participant_number,order,test_date,child_id,response_id,response_uuid,age_range,rounded_age,age,gender,lan_spoken,by_plant,by_lamp,trial_1,trial_1_cfr_answer,trial_1_response,trial_1_score,trial_2,trial_2_cfr_answer,trial_2_response,trial_2_score,trial_3,trial_3_cfr_answer,trial_3_response,trial_3_score,trial_4,trial_4_cfr_answer,trial_4_response,trial_4_score,trial_1_to_4_total_score,trial_5,trial_5_cfr_answer,trial_5_response,trial_5_score,trial_6,trial_6_cfr_answer,trial_6_response,trial_6_score,trial_7,trial_7_cfr_answer,trial_7_response,trial_7_score,trial_8,trial_8_cfr_answer,trial_8_response,trial_8_score,trial_5_to_8_total_score,notes,exclude,exclude_reason,notes,,
1,1,10/24/2023,This_Or_That_20231024_Lookit_SZ_8,164015,67ae7f17-4d56-4bee-9655-06badcc2e53d,1095-1460,1140,3.12,male,en es,benji,harry,order1_icecream_left_sunscreen_right,ice_cream,ice_cream,1,order1_duck_left_phone_right,phone,phone,1,order1_vase_left_bear_right,vase,vase,1,order1_basketball_left_egg_right,egg,basketball,0,3,order1_vase_left_bear_right_granny,vase,toy_bear,0,order1_icecream_left_sunscreen_right_granny,ice_cream,ice_cream,1,order1_basketball_left_egg_right_granny,egg,basketball,0,order1_phone_left_duck_right_granny,phone,phone,1,2,,,,,164142,
2,1,10/24/2023,This_Or_That_20231024_Lookit_SZ_10,164052,99d37fd7-c724-40c6-a528-a7202fc60f9f,1095-1460,1440,3.95,male,en es,benji,harry,order1_sunscreen_left_icecream_right,ice_cream,ice_cream,1,order1_phone_left_duck_right,phone,phone,1,order1_vase_left_bear_right,vase,vase,1,order1_basketball_left_egg_right,egg,basketball,0,3,order1_basketball_left_egg_right_granny,egg,basketball,0,order1_sunscreen_left_icecream_right_granny,ice_cream,ice_cream,1,order1_duck_left_phone_right_granny,phone,phone,1,order1_vase_left_bear_right_granny,vase,toy_bear,0,2,I love toy_bears,,,,164618,
3,1,10/24/2023,This_Or_That_20231024_Lookit_SZ_21,164305,eaa2ceba-6374-46b9-951a-94a889279435,1095-1460,1140,3.12,male,en,harry,harry,order1_bear_left_vase_right,vase,vase,1,order1_icecream_left_sunscreen_right,ice_cream,sunscreen,0,order1_phone_left_duck_right,phone,ducky,0,order1_basketball_left_egg_right,egg,egg,1,2,order1_phone_left_duck_right_granny,phone,ducky,0,order1_vase_left_bear_right_granny,vase,toy_bear,0,order1_egg_left_basketball_right_granny,egg,egg,1,order1_icecream_left_sunscreen_right_granny,ice_cream,ice_cream,1,2,,,,,164686,
4,1,10/25/2023,This_Or_That_20231025_Lookit_SZ_1,164501,ff1c27bc-6190-4797-8137-dc730dc78570,1095-1460,1380,3.78,female,en es,benji,harry,order1_vase_left_bear_right,vase,toy_bear,0,order1_sunscreen_left_icecream_right,ice_cream,ice_cream,1,order1_egg_left_basketball_right,egg,basketball,0,order1_phone_left_duck_right,phone,phone,1,2,order1_vase_left_bear_right_granny,vase,vase,1,order1_phone_left_duck_right_granny,phone,phone,1,order1_sunscreen_left_icecream_right_granny,ice_cream,ice_cream,1,order1_basketball_left_egg_right_granny,egg,basketball,0,3,,,,,164697,
5,1,10/25/2023,This_Or_That_20231025_Lookit_SZ_2,164531,74c8886d-9dbd-4bd0-b180-24949c1ba5d6,1095-1460,1170,3.21,male,en,benji,harry,order1_icecream_left_sunscreen_right,ice_cream,sunscreen,0,order1_vase_left_bear_right,vase,toy_bear,0,order1_phone_left_duck_right,phone,ducky,0,order1_basketball_left_egg_right,egg,egg,1,1,order1_icecream_left_sunscreen_right_granny,ice_cream,sunscreen,0,order1_phone_left_duck_right_granny,phone,ducky,0,order1_vase_left_bear_right_granny,vase,toy_bear,0,order1_basketball_left_egg_right_granny,egg,egg,1,1,,,,,,
6,1,10/25/2023,This_Or_That_20231025_Lookit_SZ_3,164557,4b2e8785-f26f-43e6-9c5b-9977709eabd5,1095-1460,1260,3.45,female,en fr,benji,harry,order1_sunscreen_left_icecream_right,ice_cream,ice_cream,1,order1_vase_left_bear_right,vase,toy_bear,0,order1_phone_left_duck_right,phone,phone,1,order1_basketball_left_egg_right,egg,egg,1,3,order1_icecream_left_sunscreen_right_granny,ice_cream,ice_cream,1,order1_phone_left_duck_right_granny,phone,ducky,0,order1_egg_left_basketball_right_granny,egg,egg,1,order1_vase_left_bear_right_granny,vase,toy_bear,0,2,,,,,,
7,1,10/25/2023,This_Or_That_20231025_Lookit_SZ_8,164611,f7fd4a9c-2e57-4d98-a6bf-d1352e8f95ca,1095-1460,1110,3.04,female,en,benji,harry,order1_duck_left_phone_right,phone,ducky,0,order1_icecream_left_sunscreen_right,ice_cream,ice_cream,1,order1_vase_left_bear_right,vase,toy_bear,0,order1_basketball_left_egg_right,egg,basketball,0,1,order1_phone_left_duck_right_granny,phone,phone,1,order1_bear_left_vase_right_granny,vase,vase,1,order1_basketball_left_egg_right_granny,egg,egg,1,order1_icecream_left_sunscreen_right_granny,ice_cream,ice_cream,1,4,,,,,,order 1 = you before granny
8,1,10/26/2023,This_Or_That_20231026_Lookit_SZ_4,164834,60894b8f-c9d9-4e59-a4e7-9feab19da638,1095-1460,1320,3.62,female,en,benji,harry,order1_sunscreen_left_icecream_right,ice_cream,ice_cream,1,order1_duck_left_phone_right,phone,ducky,0,order1_bear_left_vase_right,vase,vase,1,order1_basketball_left_egg_right,egg,egg,1,3,order1_icecream_left_sunscreen_right_granny,ice_cream,sunscreen,0,order1_phone_left_duck_right_granny,phone,phone,1,order1_bear_left_vase_right_granny,vase,vase,1,order1_basketball_left_egg_right_granny,egg,egg,1,3,,,,,,order 2 = granny before you
9,1,10/26/2023,This_Or_That_20231026_Lookit_SZ_6,164852,bdd2a580-68d4-4343-b866-5c483cef3820,1095-1460,1260,3.45,male,en,benji,harry,order1_basketball_left_egg_right,egg,basketball,0,order1_vase_left_bear_right,vase,toy_bear,0,order1_phone_left_duck_right,phone,phone,1,order1_icecream_left_sunscreen_right,ice_cream,ice_cream,1,2,order1_sunscreen_left_icecream_right_granny,ice_cream,ice_cream and sunscreen,0,order1_egg_left_basketball_right_granny,egg,egg,1,order1_vase_left_bear_right_granny,vase,toy_bear,0,order1_duck_left_phone_right_granny,phone,phone,1,2,,,,,,
10,1,11/28/2023,This_Or_That_20231128_Lookit_SZ_3,174950,96f32b6d-a4d3-4b08-a818-b3a368143faf,1095-1460,1200,3.29,male,en,benji,harry,order1_egg_left_basketball_right,egg,egg,1,order1_bear_left_vase_right,vase,toy_bear,0,order1_icecream_left_sunscreen_right,ice_cream,ice_cream,1,order1_phone_left_duck_right,phone,phone,1,3,order1_vase_left_bear_right_granny,vase,toy_bear,0,order1_sunscreen_left_icecream_right_granny,ice_cream,ice_cream,1,order1_basketball_left_egg_right_granny,egg,egg,1,order1_phone_left_duck_right_granny,phone,phone,1,3,,,,,,
11,1,11/28/2023,This_Or_That_20231128_Lookit_SZ_8,175080,a84d6b0a-57cb-49ff-b407-d270e7cfdf70,1095-1460,1140,3.12,male,en,benji,harry,order1_egg_left_basketball_right,egg,egg,1,order1_vase_left_bear_right,vase,toy_bear,0,order1_phone_left_duck_right,phone,ducky,0,order1_icecream_left_sunscreen_right,ice_cream,ice_cream,1,2,order1_bear_left_vase_right_granny,vase,vase,1,order1_sunscreen_left_icecream_right_granny,ice_cream,ice_cream,1,order1_phone_left_duck_right_granny,phone,phone,1,order1_egg_left_basketball_right_granny,egg,egg,1,4,,,,,,
12,1,11/28/2023,This_Or_That_20231128_Lookit_SZ_14,175187,16a12ac3-0721-40e6-becc-be3d0602347a,1095-1460,1140,3.12,female,en,benji,harry,order1_basketball_left_egg_right,egg,basketball,0,order1_bear_left_vase_right,vase,toy_bear,0,order1_sunscreen_left_icecream_right,ice_cream,ice_cream,1,order1_duck_left_phone_right,phone,ducky,0,1,order1_duck_left_phone_right_granny,phone,phone,1,order1_sunscreen_left_icecream_right_granny,ice_cream,sunscreen,0,order1_egg_left_basketball_right_granny,egg,egg,1,order1_bear_left_vase_right_granny,vase,vase,1,3,,,,,,
13,1,11/28/2023,This_Or_That_20231128_Lookit_SZ_15,175202,23f7adda-9e14-4914-84c7-36d0d75f0070,1095-1460,1260,3.45,female,en,benji,harry,order1_phone_left_duck_right,phone,ducky,0,order1_icecream_left_sunscreen_right,ice_cream,ice_cream,1,order1_basketball_left_egg_right,egg,basketball,0,order1_vase_left_bear_right,vase,toy_bear,0,1,order1_vase_left_bear_right_granny,vase,toy_bear,0,order1_icecream_left_sunscreen_right_granny,ice_cream,ice_cream,1,order1_basketball_left_egg_right_granny,egg,basketball,0,order1_phone_left_duck_right_granny,phone,ducky,0,1,,,,,,
14,1,12/21/2023,This_Or_That_20231221_Lookit_SZ_1,180950,6863170b-746b-4d23-8988-c29fa5b299f7,1095-1460,1230,3.37,female,en uk,benji,harry,order1_basketball_left_egg_right,egg,egg,1,order1_vase_left_bear_right,vase,toy_bear,0,order1_icecream_left_sunscreen_right,ice_cream,ice_cream,1,order1_phone_left_duck_right,phone,phone,1,3,order1_vase_left_bear_right_granny,vase,toy_bear,0,order1_duck_left_phone_right_granny,phone,phone,1,order1_sunscreen_left_icecream_right_granny,ice_cream,ice_cream,1,order1_basketball_left_egg_right_granny,egg,egg,1,3,,,,,,
15,1,12/22/2023,This_Or_That_20231222_Lookit_SZ_1,181091,c5f47748-d435-474f-9e08-747bbfdb0800,1095-1460,1110,3.04,male,en so,benji,harry,order1_bear_left_vase_right,vase,vase,1,order1_icecream_left_sunscreen_right,ice_cream,ice_cream,1,order1_phone_left_duck_right,phone,phone,1,order1_basketball_left_egg_right,egg,basketball,0,3,order1_icecream_left_sunscreen_right_granny,ice_cream,ice_cream,1,order1_phone_left_duck_right_granny,phone,phone,1,order1_bear_left_vase_right_granny,vase,vase,1,order1_egg_left_basketball_right_granny,egg,basketball and egg,0,3,,,,,,
16,2,12/26/23,This_Or_That_20231226_Lookit_SZ_3,181688,f7c0d869-032d-43e9-a9c1-5bc71d117448,1095-1460,1200,3.29,male,en so,benji,harry,order2_duck_left_phone_right_granny,phone,phone,1,order2_egg_left_basketball_right_granny,egg,basketball,0,order2_vase_left_bear_right_granny,vase,toy_bear,0,order2_sunscreen_left_icecream_right_granny,ice_cream,ice_cream,1,2,order2_duck_left_phone_right,phone,ducky,0,order2_basketball_left_egg_right,egg,basketball,0,order2_vase_left_bear_right,vase,vase,1,order2_icecream_left_sunscreen_right,ice_cream,ice_cream,1,2,,,,,,
17,2,12/27/23,This_Or_That_20231227_Lookit_SZ_3,181751,2d694581-c099-4484-9b80-e72cb79d8c82,1095-1460,1320,3.62,female,en so ur,benji,harry,order2_basketball_left_egg_right_granny,egg,egg,1,order2_vase_left_bear_right_granny,vase,vase,1,order2_icecream_left_sunscreen_right_granny,ice_cream,ice_cream,1,order2_phone_left_duck_right_granny,phone,phone,1,4,order2_icecream_left_sunscreen_right,ice_cream,sunscreen,0,order2_vase_left_bear_right,vase,toy_bear,0,order2_duck_left_phone_right,phone,ducky,0,order2_egg_left_basketball_right,egg,basketball,0,0,,,,,,
18,2,12/27/23,This_Or_That_20231227_Lookit_SZ_5,181843,866e20c2-c0c2-43bb-b0b2-a8009c9ae1ba,1095-1460,1110,3.04,female,en,benji,harry,order2_egg_left_basketball_right_granny,egg,basketball,0,order2_icecream_left_sunscreen_right_granny,ice_cream,ice_cream,1,order2_bear_left_vase_right_granny,vase,toy_bear,0,order2_phone_left_duck_right_granny,phone,phone,1,2,order2_basketball_left_egg_right,egg,egg,1,order2_duck_left_phone_right,phone,phone,1,order2_vase_left_bear_right,vase,toy_bear,0,order2_sunscreen_left_icecream_right,ice_cream,sunscreen,0,2,,,,,,
19,2,12/27/23,This_Or_That_20231227_Lookit_SZ_7,181866,3f34cff2-1784-4b91-9dfe-78d9b0941902,1095-1460,1200,3.29,male,en,benji,harry,order2_bear_left_vase_right_granny,vase,vase,1,order2_duck_left_phone_right_granny,phone,phone,1,order2_sunscreen_left_icecream_right_granny,ice_cream,sunscreen,0,order2_egg_left_basketball_right_granny,egg,egg,1,3,order2_bear_left_vase_right,vase,toy_bear,0,order2_egg_left_basketball_right,egg,egg,1,order2_icecream_left_sunscreen_right,ice_cream,ice_cream,1,order2_phone_left_duck_right,phone,phone,1,3,"""benji"" was reminded by the parent",,,,,
20,2,12/28/23,This_Or_That_20231228_Lookit_SZ_1,181922,45fecbaf-bf21-4c2c-80fa-15b6ac07b3dd,1095-1460,1110,3.04,male,en,harry,harry,order2_bear_left_vase_right_granny,vase,vase,1,order2_icecream_left_sunscreen_right_granny,ice_cream,ice_cream,1,order2_phone_left_duck_right_granny,phone,phone,1,order2_egg_left_basketball_right_granny,egg,egg,1,4,order2_bear_left_vase_right,vase,toy_bear,0,order2_icecream_left_sunscreen_right,ice_cream,ice_cream,1,order2_phone_left_duck_right,phone,phone,1,order2_egg_left_basketball_right,egg,basketball,0,2,,,,,,
21,2,12/29/23,This_Or_That_20231229_Lookit_SZ_3,182136,6a30456b-86b3-4a93-b601-853f4ad6e992,1095-1460,1110,3.04,female,en,harry,harry,order2_basketball_left_egg_right_granny,egg,egg,1,order2_duck_left_phone_right_granny,phone,ducky,0,order2_bear_left_vase_right_granny,vase,bear,0,order2_icecream_left_sunscreen_right_granny,ice_cream,ice_cream,1,2,order2_basketball_left_egg_right,egg,egg,1,order2_icecream_left_sunscreen_right,ice_cream,ice_cream,1,order2_bear_left_vase_right,vase,toy_bear,0,order2_phone_left_duck_right,phone,phone,1,3,,,,,,
22,2,12/30/23,This_Or_That_20231230_Lookit_SZ_1,182307,0dc561e7-a4f3-4469-aa86-b729c7ea6298,1095-1460,1200,3.29,female,en,benji,harry,order2_sunscreen_left_icecream_right_granny,ice_cream,ice_cream,1,order2_bear_left_vase_right_granny,vase,toy_bear,0,order2_phone_left_duck_right_granny,phone,phone,1,order2_egg_left_basketball_right_granny,egg,egg,1,3,order2_egg_left_basketball_right,egg,egg,1,order2_duck_left_phone_right,phone,phone,1,order2_sunscreen_left_icecream_right,ice_cream,ice_cream,1,order2_bear_left_vase_right,vase,toy_bear,0,3,,,,,,
23,2,12/31/23,This_Or_That_20231231_Lookit_SZ_2,182482,eeaa5d7b-4dc8-4897-87f8-15e2807cd80c,1095-1460,1110,3.04,female,en fr de,harry,harry,order2_vase_left_bear_right_granny,vase,toy_bear,0,order2_duck_left_phone_right_granny,phone,phone,1,order2_basketball_left_egg_right_granny,egg,egg,1,order2_icecream_left_sunscreen_right_granny,ice_cream,ice_cream,1,3,order2_bear_left_vase_right,vase,vase,1,order2_phone_left_duck_right,phone,phone,1,order2_icecream_left_sunscreen_right,ice_cream,sunscreen,0,order2_basketball_left_egg_right,egg,egg,1,3,,,,,,
24,2,1/1/24,This_Or_That_20240101_Lookit_SZ_1,182580,a2887c7e-3f7f-4763-b601-7a206f1eca0b,1095-1460,1230,3.37,male,en,benji,harry,order2_duck_left_phone_right_granny,phone,phone,1,order2_bear_left_vase_right_granny,vase,vase,1,order2_basketball_left_egg_right_granny,egg,egg,1,order2_icecream_left_sunscreen_right_granny,ice_cream,ice_cream,1,4,order2_basketball_left_egg_right,egg,egg,1,order2_bear_left_vase_right,vase,toy_bear,0,order2_phone_left_duck_right,phone,ducky,0,order2_sunscreen_left_icecream_right,ice_cream,ice_cream,1,2,,,,,,
25,2,1/2/24,This_Or_That_20240102_Lookit_SZ_1,182772,e5622060-ebd4-43e4-9c86-0e42ef892570,1095-1460,1260,3.45,male,en,harry,harry,order2_egg_left_basketball_right_granny,egg,basketball,0,order2_bear_left_vase_right_granny,vase,toy_bear,0,order2_sunscreen_left_icecream_right_granny,ice_cream,ice_cream,1,order2_phone_left_duck_right_granny,phone,ducky,0,1,order2_vase_left_bear_right,vase,toy_bear,0,order2_sunscreen_left_icecream_right,ice_cream,ice_cream,1,order2_egg_left_basketball_right,egg,egg,1,order2_phone_left_duck_right,phone,ducky,0,2,,,,,,
26,2,1/2/24,This_Or_That_20240102_Lookit_SZ_3,182809,69a2f1b2-ed18-4f74-becd-2c91c142ab77,1095-1460,1410,3.86,female,en,benji,harry,order2_sunscreen_left_icecream_right_granny,ice_cream,ice_cream,1,order2_duck_left_phone_right_granny,phone,ducky,0,order2_egg_left_basketball_right_granny,egg,egg,1,order2_vase_left_bear_right_granny,vase,toy_bear,0,2,order2_phone_left_duck_right,phone,ducky,0,order2_icecream_left_sunscreen_right,ice_cream,ice_cream,1,order2_bear_left_vase_right,vase,toy_bear,0,order2_egg_left_basketball_right,egg,egg,1,2,,,,,,
27,2,1/5/24,This_Or_That_20240105_Lookit_SZ_4,183442,7f3e861d-2493-46d7-978d-dac45f40c2bc,1095-1460,1350,3.70,male,en,benji,harry,order2_icecream_left_sunscreen_right_granny,ice_cream,ice_cream,1,order2_egg_left_basketball_right_granny,egg,egg,1,order2_vase_left_bear_right_granny,vase,toy_bear,0,order2_phone_left_duck_right_granny,phone,phone,1,3,order2_icecream_left_sunscreen_right,ice_cream,ice_cream,1,order2_egg_left_basketball_right,egg,egg,1,order2_duck_left_phone_right,phone,phone,1,order2_vase_left_bear_right,vase,toy_bear,0,3,,,,,,
28,2,1/5/24,This_Or_That_20240105_Lookit_SZ_5,183450,917a87df-842e-4f98-b921-0393b815890f,1095-1460,1290,3.53,male,en,harry,benji,order2_phone_left_duck_right_granny,phone,phone,1,order2_egg_left_basketball_right_granny,egg,egg,1,order2_bear_left_vase_right_granny,vase,toy_bear,0,order2_sunscreen_left_icecream_right_granny,ice_cream,ice_cream,1,3,order2_duck_left_phone_right,phone,phone,1,order2_basketball_left_egg_right,egg,egg,1,order2_bear_left_vase_right,vase,vase,1,order2_icecream_left_sunscreen_right,ice_cream,sunscreen,0,3,,,,,,
29,2,1/5/24,This_Or_That_20240105_Lookit_SZ_6,183458,8ba12c48-7a9e-42ff-913f-1bbada0c3126,1095-1460,1440,3.95,male,en,benji,harry,order2_icecream_left_sunscreen_right_granny,ice_cream,ice_cream,1,order2_duck_left_phone_right_granny,phone,ducky,0,order2_vase_left_bear_right_granny,vase,vase,1,order2_egg_left_basketball_right_granny,egg,basketball,0,2,order2_basketball_left_egg_right,egg,basketball,0,order2_icecream_left_sunscreen_right,ice_cream,ice_cream,1,order2_duck_left_phone_right,phone,ducky,0,order2_bear_left_vase_right,vase,toy_bear,0,1,,,,,,
30,2,1/5/24,This_Or_That_20240105_Lookit_SZ_9,183512,4936597f-8f4d-4cd6-9c7d-5c0431afdbce,1095-1460,1380,3.78,female,en,benji,harry,order2_vase_left_bear_right_granny,vase,vase,1,order2_icecream_left_sunscreen_right_granny,ice_cream,ice_cream,1,order2_basketball_left_egg_right_granny,egg,egg,1,order2_duck_left_phone_right_granny,phone,phone,1,4,order2_egg_left_basketball_right,egg,basketball,0,order2_icecream_left_sunscreen_right,ice_cream,sunscreen,0,order2_phone_left_duck_right,phone,ducky,0,order2_bear_left_vase_right,vase,toy_bear,0,0,,,,,,
31,1,10/24/2023,This_Or_That_20231024_Lookit_SZ_9,164047,002354c1-e4f3-4c25-8d23-b181e1069447,1460-1826,1710,4.68,female,en es,benji,harry,order1_basketball_left_egg_right,egg,basketball,0,order1_bear_left_vase_right,vase,vase,1,order1_duck_left_phone_right,phone,phone,1,order1_sunscreen_left_icecream_right,ice_cream,ice_cream,1,3,order1_sunscreen_left_icecream_right_granny,ice_cream,ice_cream,1,order1_duck_left_phone_right_granny,phone,phone,1,order1_basketball_left_egg_right_granny,egg,basketball,0,order1_bear_left_vase_right_granny,vase,toy_bear,0,2,,,,,164606,
32,1,10/24/2023,This_Or_That_20231024_Lookit_SZ_11,164056,60c39f38-2315-43fa-b164-5edfb317629a,1460-1826,1500,4.11,male,en,benji,harry,order1_egg_left_basketball_right,egg,basketball,0,order1_sunscreen_left_icecream_right,ice_cream,ice_cream,1,order1_phone_left_duck_right,phone,phone,1,order1_vase_left_bear_right,vase,toy_bear,0,2,order1_basketball_left_egg_right_granny,egg,egg,1,order1_icecream_left_sunscreen_right_granny,ice_cream,sunscreen,0,order1_vase_left_bear_right_granny,vase,vase,1,order1_phone_left_duck_right_granny,phone,phone,1,3,,,,,,
33,1,10/24/2023,This_Or_That_20231024_Lookit_SZ_14,164203,daa56bd0-abe9-48bf-af91-6f9026fdf4bb,1460-1826,1530,4.19,male,en ml te,benji,harry,order1_icecream_left_sunscreen_right,ice_cream,ice_cream,1,order1_phone_left_duck_right,phone,ducky,0,order1_vase_left_bear_right,vase,vase,1,order1_basketball_left_egg_right,egg,egg,1,3,order1_vase_left_bear_right_granny,vase,toy_bear,0,order1_egg_left_basketball_right_granny,egg,basketball,0,order1_icecream_left_sunscreen_right_granny,ice_cream,sunscreen,0,order1_duck_left_phone_right_granny,phone,phone,1,1,,,,,,
34,1,10/24/2023,This_Or_That_20231024_Lookit_SZ_18,164262,34b273b9-efa6-4deb-9ac8-3123360db2a9,1460-1826,1500,4.11,male,en nl de,benji,harry,order1_phone_left_duck_right,phone,phone,1,order1_icecream_left_sunscreen_right,ice_cream,ice_cream,1,order1_basketball_left_egg_right,egg,egg,1,order1_vase_left_bear_right,vase,toy_bear,0,3,order1_duck_left_phone_right_granny,phone,ducky,0,order1_sunscreen_left_icecream_right_granny,ice_cream,ice_cream,1,order1_egg_left_basketball_right_granny,egg,egg,1,order1_vase_left_bear_right_granny,vase,toy_bear,0,2,,,,,,
35,1,10/25/2023,This_Or_That_20231025_Lookit_SZ_4,164563,b8f53a08-d614-4008-aee3-0a81e452d78a,1460-1826,1740,4.77,female,en,benji,harry,order1_duck_left_phone_right,phone,phone,1,order1_sunscreen_left_icecream_right,ice_cream,ice_cream,1,order1_bear_left_vase_right,vase,toy_bear,0,order1_egg_left_basketball_right,egg,egg,1,3,order1_egg_left_basketball_right_granny,egg,egg,1,order1_bear_left_vase_right_granny,vase,toy_bear,0,order1_duck_left_phone_right_granny,phone,ducky,0,order1_icecream_left_sunscreen_right_granny,ice_cream,ice_cream,1,2,,,,,,
36,1,10/25/2023,This_Or_That_20231025_Lookit_SZ_6,164597,bcfafbc5-840f-4e7e-9f5e-8555ca9db281,1460-1826,1500,4.11,female,en,benji,harry,order1_duck_left_phone_right,phone,ducky,0,order1_vase_left_bear_right,vase,toy_bear,0,order1_basketball_left_egg_right,egg,egg,1,order1_icecream_left_sunscreen_right,ice_cream,ice_cream,1,2,order1_icecream_left_sunscreen_right_granny,ice_cream,sunscreen,0,order1_phone_left_duck_right_granny,phone,phone,1,order1_bear_left_vase_right_granny,vase,vase,1,order1_egg_left_basketball_right_granny,egg,basketball,0,2,,,,,,
37,1,10/25/2023,This_Or_That_20231025_Lookit_SZ_11,164680,173560cf-4173-4971-af0b-a1c75dcfed97,1460-1826,1740,4.77,male,en,benji,harry,order1_sunscreen_left_icecream_right,ice_cream,ice_cream,1,order1_egg_left_basketball_right,egg,basketball,0,order1_bear_left_vase_right,vase,toy_bear,0,order1_duck_left_phone_right,phone,ducky,0,1,order1_sunscreen_left_icecream_right_granny,ice_cream,ice_cream,1,order1_vase_left_bear_right_granny,vase,toy_bear,0,order1_phone_left_duck_right_granny,phone,ducky,0,order1_basketball_left_egg_right_granny,egg,basketball,0,1,,,,,,
38,1,10/26/2023,This_Or_That_20231026_Lookit_SZ_1,164780,3d501437-f4a4-444c-890f-55dd9c4cf996,1460-1826,1590,4.36,female,en,benji,harry,order1_bear_left_vase_right,vase,vase,1,order1_icecream_left_sunscreen_right,ice_cream,ice_cream,1,order1_duck_left_phone_right,phone,phone,1,order1_basketball_left_egg_right,egg,egg,1,4,order1_sunscreen_left_icecream_right_granny,ice_cream,ice_cream,1,order1_phone_left_duck_right_granny,phone,phone,1,order1_basketball_left_egg_right_granny,egg,egg,1,order1_bear_left_vase_right_granny,vase,vase,1,4,,,,,,
39,1,10/26/2023,This_Or_That_20231026_Lookit_SZ_2,164790,82cb3f45-c9eb-42e4-8b01-16ba403cd3d1,1460-1826,1590,4.36,male,en,benji,harry,order1_basketball_left_egg_right,egg,egg,1,order1_sunscreen_left_icecream_right,ice_cream,ice_cream,1,order1_duck_left_phone_right,phone,phone,1,order1_vase_left_bear_right,vase,toy_bear,0,3,order1_phone_left_duck_right_granny,phone,phone,1,order1_vase_left_bear_right_granny,vase,vase,1,order1_sunscreen_left_icecream_right_granny,ice_cream,sunscreen,0,order1_egg_left_basketball_right_granny,egg,egg,1,3,,,,,,
40,1,11/27/2023,This_Or_That_20231127_Lookit_SZ_1,174798,73a8fd1e-8416-4e97-82c4-476893fcd1d4,1460-1826,1680,4.60,male,en,benji,harry,order1_basketball_left_egg_right,egg,egg,1,order1_icecream_left_sunscreen_right,ice_cream,ice_cream,1,order1_bear_left_vase_right,vase,toy_bear,0,order1_duck_left_phone_right,phone,phone,1,3,order1_egg_left_basketball_right_granny,egg,basketball,0,order1_bear_left_vase_right_granny,vase,vase,1,order1_sunscreen_left_icecream_right_granny,ice_cream,ice_cream,1,order1_phone_left_duck_right_granny,phone,ducky,0,2,,,,,,
41,1,11/28/2023,This_Or_That_20231128_Lookit_SZ_2,174936,13eeefda-f81c-45aa-a591-be5175c5017d,1460-1826,1680,4.60,male,en,benji,harry,order1_egg_left_basketball_right,egg,basketball,0,order1_bear_left_vase_right,vase,vase,1,order1_icecream_left_sunscreen_right,ice_cream,ice_cream,1,order1_phone_left_duck_right,phone,ducky,0,2,order1_egg_left_basketball_right_granny,egg,egg,1,order1_duck_left_phone_right_granny,phone,phone,1,order1_icecream_left_sunscreen_right_granny,ice_cream,ice_cream,1,order1_bear_left_vase_right_granny,vase,vase,1,4,,,,,,
42,1,11/28/2023,This_Or_That_20231128_Lookit_SZ_10,175138,d83c5c79-8256-4427-8475-ea1b40692c95,1460-1826,1500,4.11,female,en gu hi,benji,harry,order1_bear_left_vase_right,vase,toy_bear,0,order1_duck_left_phone_right,phone,phone,1,order1_basketball_left_egg_right,egg,egg,1,order1_icecream_left_sunscreen_right,ice_cream,ice_cream,1,3,order1_icecream_left_sunscreen_right_granny,ice_cream,ice_cream,1,order1_bear_left_vase_right_granny,vase,vase,1,order1_egg_left_basketball_right_granny,egg,basketball,0,order1_phone_left_duck_right_granny,phone,phone,1,3,,,,,,
43,1,11/28/2023,This_Or_That_20231128_Lookit_SZ_13,175168,e06ca85c-5c7a-4e17-ab82-8db92edd6407,1460-1826,1530,4.19,male,en,benji,harry,order1_vase_left_bear_right,vase,toy_bear,0,order1_phone_left_duck_right,phone,ducky,0,order1_icecream_left_sunscreen_right,ice_cream,ice_cream,1,order1_egg_left_basketball_right,egg,egg,1,2,order1_egg_left_basketball_right_granny,egg,basketball,0,order1_vase_left_bear_right_granny,vase,toy_bear,0,order1_sunscreen_left_icecream_right_granny,ice_cream,ice_cream,1,order1_duck_left_phone_right_granny,phone,phone,1,2,,,,,,
44,1,12/21/2023,This_Or_That_20231221_Lookit_SZ_2,180955,7e14791e-9744-4e79-8717-5b24813ec988,1460-1826,1680,4.60,male,en,harry,harry,order1_basketball_left_egg_right,egg,basketball,0,order1_bear_left_vase_right, vase,toy_bear,0,order1_duck_left_phone_right,phone,phone and ducky,0,order1_icecream_left_sunscreen_right,ice_cream,ice_cream,1,1,order1_icecream_left_sunscreen_right_granny,ice_cream,ice_cream,1,order1_phone_left_duck_right_granny,phone,phone and ducky,0,order1_basketball_left_egg_right_granny,egg,basketball,0,order1_bear_left_vase_right_granny,vase,toy_bear,0,1,,,,,,
45,1,12/21/2023,This_Or_That_20231221_Lookit_SZ_6,181010,6279f17f-9d1d-46e6-85f8-b55d7ce2ece3,1460-1826,1800,4.93,female,en ml,benji,harry,order1_vase_left_bear_right,vase,toy_bear,0,order1_sunscreen_left_icecream_right,ice_cream,ice_cream,1,order1_duck_left_phone_right,phone,ducky,0,order1_basketball_left_egg_right,egg,basketball,0,1,order1_basketball_left_egg_right_granny,egg,basketball,0,order1_vase_left_bear_right_granny,vase,toy_bear,0,order1_sunscreen_left_icecream_right_granny,ice_cream,ice_cream,1,order1_duck_left_phone_right_granny,phone, ducky,0,1,,,,,,
46,2,12/26/23,This_Or_That_20231226_Lookit_SZ_2,181661,36500104-4eff-44bb-9de1-f1fd77582ce4,1460-1826,1500,4.11,male,en yue,benji,harry,order2_egg_left_basketball_right_granny,egg,basketball,0,order2_icecream_left_sunscreen_right_granny,ice_cream,sunscreen,0,order2_duck_left_phone_right_granny,phone,ducky,0,order2_vase_left_bear_right_granny,vase,toy_bear,0,0,order2_duck_left_phone_right,phone,phone,1,order2_egg_left_basketball_right,egg,egg,1,order2_vase_left_bear_right,vase,toy_bear,0,order2_icecream_left_sunscreen_right,ice_cream,ice_cream,1,3,,,,,,
47,2,12/30/23,This_Or_That_20231230_Lookit_SZ_3,182393,be46b634-73e4-49b9-9c12-fbe6e41f8105,1460-1826,1710,4.68,female,en cmn,benji,harry,order2_egg_left_basketball_right_granny,egg,egg,1,order2_vase_left_bear_right_granny,vase,vase,1,order2_sunscreen_left_icecream_right_granny,ice_cream,ice_cream,1,order2_phone_left_duck_right_granny,phone,phone,1,4,order2_phone_left_duck_right,phone,ducky,0,order2_icecream_left_sunscreen_right,ice_cream,ice_cream,1,order2_basketball_left_egg_right,egg,basketball,0,order2_vase_left_bear_right,vase,toy_bear,0,1,,,,,,
48,2,12/31/23,This_Or_That_20231231_Lookit_SZ_3,182533,7c6d11c0-db0a-4551-a7fc-cef271e93816,1460-1826,1620,4.44,female,en cmn vi,benji,,order2_duck_left_phone_right_granny,phone,phone,1,order2_egg_left_basketball_right_granny,egg,basketball,0,order2_sunscreen_left_icecream_right_granny,ice_cream,ice_cream,1,order2_bear_left_vase_right_granny,vase,toy_bear,0,2,order2_egg_left_basketball_right,egg,egg,1,order2_vase_left_bear_right,vase,toy_bear,0,order2_phone_left_duck_right,phone,phone,1,order2_sunscreen_left_icecream_right,ice_cream,ice_cream,1,3,,,,,,
49,2,1/1/24,This_Or_That_20240101_Lookit_SZ_5,182657,6b9d3a2a-c133-40ce-b9cc-20102a5c1b86,1460-1826,1500,4.11,male,en,benji,harry,order2_icecream_left_sunscreen_right_granny,ice_cream,ice_cream,1,order2_vase_left_bear_right_granny,vase,toy_bear,0,order2_phone_left_duck_right_granny,phone,ducky,0,order2_basketball_left_egg_right_granny,egg,egg,1,2,order2_basketball_left_egg_right,egg,egg,1,order2_bear_left_vase_right,vase,toy_bear,0,order2_icecream_left_sunscreen_right,ice_cream,ice_cream,1,order2_phone_left_duck_right,phone,phone,1,3,,,,,,
50,2,1/1/24,This_Or_That_20240101_Lookit_SZ_8,182697,b2058229-fd35-4106-b569-04d9517fd29f,1460-1826,1650,4.52,male,en,benji,harry,order2_sunscreen_left_icecream_right_granny,ice_cream,ice_cream,1,order2_bear_left_vase_right_granny,vase,vase,1,order2_basketball_left_egg_right_granny,egg,egg,1,order2_phone_left_duck_right_granny,phone,phone,1,4,order2_duck_left_phone_right,phone,ducky,0,order2_icecream_left_sunscreen_right,ice_cream,ice_cream,1,order2_bear_left_vase_right,vase,toy_bear,0,order2_basketball_left_egg_right,egg,egg,1,2,,,,,,
51,2,1/2/24,This_Or_That_20240102_Lookit_SZ_4,182826,25c16ac0-93f5-4c33-9d29-eaa9d1862d24,1460-1826,1710,4.68,male,en,benji,benji,order2_sunscreen_left_icecream_right_granny,ice_cream,ice_cream,1,order2_duck_left_phone_right_granny,phone,phone,1,order2_bear_left_vase_right_granny,vase,vase,1,order2_egg_left_basketball_right_granny,egg,egg,1,4,order2_phone_left_duck_right,phone,ducky,0,order2_egg_left_basketball_right,egg,basketball,0,order2_vase_left_bear_right,vase,toy_bear,0,order2_sunscreen_left_icecream_right,ice_cream,ice_cream,1,1,,,,,,
52,2,1/2/24,This_Or_That_20240102_Lookit_SZ_6,182849,0dfe62a4-007a-44f4-934b-2c7e2daa4b38,1460-1826,1710,4.68,female,en pl es,benji,harry,order2_vase_left_bear_right_granny,vase,toy_bear,0,order2_basketball_left_egg_right_granny,egg,egg,1,order2_phone_left_duck_right_granny,phone,phone,1,order2_sunscreen_left_icecream_right_granny,ice_cream,ice_cream,1,3,order2_icecream_left_sunscreen_right,ice_cream,sunscreen,0,order2_vase_left_bear_right,vase,toy_bear,0,order2_duck_left_phone_right,phone,phone,1,order2_basketball_left_egg_right,egg,basketball,0,1,,,,,,
53,2,1/2/24,This_Or_That_20240102_Lookit_SZ_10,182909,5db47f75-1f01-47a4-83d2-781bf5219eca,1460-1826,1500,4.11,male,en es,benji,harry,order2_egg_left_basketball_right_granny,egg,egg,1,order2_duck_left_phone_right_granny,phone,phone,1,order2_vase_left_bear_right_granny,vase,vase,1,order2_sunscreen_left_icecream_right_granny,ice_cream,ice_cream,1,4,order2_vase_left_bear_right,vase,vase,1,order2_sunscreen_left_icecream_right,ice_cream,ice_cream,1,order2_egg_left_basketball_right,egg,egg,1,order2_phone_left_duck_right,phone,phone,1,4,,,,,,
54,2,1/4/24,This_Or_That_20240104_Lookit_SZ_1,183215,e9bfe2ba-6bc4-4cca-9907-ca0fc108bd62,1460-1826,1530,4.19,male,en,benji,harry,order2_duck_left_phone_right_granny,phone,phone,1,order2_vase_left_bear_right_granny,vase,vase,1,order2_sunscreen_left_icecream_right_granny,ice_cream,ice_cream,1,order2_egg_left_basketball_right_granny,egg, basketball,0,3,order2_egg_left_basketball_right,egg,basketball,0,order2_phone_left_duck_right,phone,phone,1,order2_bear_left_vase_right,vase,toy_bear,0,order2_sunscreen_left_icecream_right,ice_cream,sunscreen,0,1,,,,,,
55,2,1/5/24,This_Or_That_20240105_Lookit_SZ_1,183401,1031a525-f899-4c98-bf1d-6b10db26495e,1460-1826,1530,4.19,female,en so,harry,harry,order2_bear_left_vase_right_granny,vase,toy_bear,0,order2_sunscreen_left_icecream_right_granny,ice_cream,sunscreen,0,order2_phone_left_duck_right_granny,phone,phone,1,order2_egg_left_basketball_right_granny,egg,egg,1,2,order2_phone_left_duck_right,phone,phone,1,order2_bear_left_vase_right,vase,toy_bear,0,order2_sunscreen_left_icecream_right,ice_cream,sunscreen,0,order2_basketball_left_egg_right,egg,egg,1,2,,,,,,
56,2,1/5/24,This_Or_That_20240105_Lookit_SZ_3,183403,6a046073-0c16-4e49-bf6c-453848d6f852,1460-1826,1710,4.68,male,en,benji,harry,order2_bear_left_vase_right_granny,vase,toy_bear,0,order2_egg_left_basketball_right_granny,egg,egg,1,order2_phone_left_duck_right_granny,phone,phone,1,order2_sunscreen_left_icecream_right_granny,ice_cream,ice_cream,1,3,order2_egg_left_basketball_right,egg,egg,1,order2_vase_left_bear_right,vase,toy_bear,0,order2_sunscreen_left_icecream_right,ice_cream,ice_cream,1,order2_phone_left_duck_right,phone,ducky,0,2,,,,,,
57,2,1/6/24,This_Or_That_20240106_Lookit_SZ_1,183547,7452d980-7d46-41fa-928c-1ab08d0c39c9,1460-1826,1650,4.52,male,en ru,benji,harry,order2_egg_left_basketball_right_granny,egg,egg,1,order2_vase_left_bear_right_granny,vase,vase,1,order2_sunscreen_left_icecream_right_granny,ice_cream,ice_cream,1,order2_phone_left_duck_right_granny,phone,ducky,0,3,order2_icecream_left_sunscreen_right,ice_cream,ice_cream,1,order2_vase_left_bear_right,vase,vase,1,order2_egg_left_basketball_right,egg,egg,1,order2_duck_left_phone_right,phone,ducky,0,3,,,,,,
58,2,1/6/24,This_Or_That_20240106_Lookit_SZ_2,183591,72897a69-4832-4f12-a54f-d33e6cf2f52f,1460-1826,1500,4.11,male,en,benji,harry,order2_basketball_left_egg_right_granny,egg,egg,1,order2_duck_left_phone_right_granny,phone,phone,1,order2_bear_left_vase_right_granny,vase,vase,1,order2_sunscreen_left_icecream_right_granny,ice_cream,ice_cream,1,4,order2_egg_left_basketball_right,egg,basketball,0,order2_icecream_left_sunscreen_right,ice_cream,ice_cream,1,order2_duck_left_phone_right,phone,phone,1,order2_vase_left_bear_right,vase,vase,1,3,,,,,,
59,2,1/6/24,This_Or_That_20240106_Lookit_SZ_6,183720,010b7c8b-f641-41b8-aecd-717196cd8ae1,1460-1826,1650,4.52,female,en,benji,harry,order2_bear_left_vase_right_granny,vase,vase,1,order2_basketball_left_egg_right_granny,egg,basketball,0,order2_icecream_left_sunscreen_right_granny,ice_cream,sunscreen,0,order2_duck_left_phone_right_granny,phone,phone,1,2,order2_basketball_left_egg_right,egg,basketball,0,order2_duck_left_phone_right,phone,phone,1,order2_bear_left_vase_right,vase,toy_bear,0,order2_sunscreen_left_icecream_right,ice_cream,ice_cream,1,2,,,,,,
60,2,1/7/24,This_Or_That_20240107_Lookit_SZ_1,183761,7bfba2e6-29c9-4dba-a99a-bc7a650383cc,1460-1826,1770,4.85,female,en cmn,benji,harry,order2_sunscreen_left_icecream_right_granny,ice_cream,ice_cream,1,order2_bear_left_vase_right_granny,vase,toy_bear,0,order2_egg_left_basketball_right_granny,egg,egg,1,order2_phone_left_duck_right_granny,phone,ducky,0,2,order2_egg_left_basketball_right,egg,basketball,0,order2_sunscreen_left_icecream_right,ice_cream,ice_cream,1,order2_duck_left_phone_right,phone,ducky,0,order2_bear_left_vase_right,vase,toy_bear,0,1,,,,,,
61,1,10/24/2023,This_Or_That_20231024_Lookit_SZ_16,164241,6fc3e37e-a465-43c9-bfb4-2fbd0b3c151c,1826-2190,1860,5.10,male,en,benji,harry,order1_egg_left_basketball_right,egg,egg,1,order1_vase_left_bear_right,vase,toy_bear,0,order1_sunscreen_left_icecream_right,ice_cream,ice_cream,1,order1_duck_left_phone_right,phone,phone,1,3,order1_sunscreen_left_icecream_right_granny,ice_cream,sunscreen,0,order1_duck_left_phone_right_granny,phone,ducky,0,order1_bear_left_vase_right_granny,vase,vase,1,order1_egg_left_basketball_right_granny,egg,basketball,0,1,,,,,164190,
62,1,12/2/2023,This_Or_That_20231203_Lookit_SZ_2,176441,1b1d5644-5d03-45a6-80cf-66109b424f56,1826-2190,1950,5.34,female,en,benji,harry,order1_bear_left_vase_right,vase,toy_bear,0,order1_duck_left_phone_right,phone,ducky,0,order1_basketball_left_egg_right,egg,"basketball, egg",0,order1_sunscreen_left_icecream_right,ice_cream,ice_cream,1,1,order1_bear_left_vase_right_granny,vase,toy_bear,0,order1_sunscreen_left_icecream_right_granny,ice_cream,ice_cream,1,order1_duck_left_phone_right_granny,phone,ducky,0,order1_egg_left_basketball_right_granny,egg,egg,1,2,,,,,,
63,1,10/26/2023,This_Or_That_20231026_Lookit_SZ_3,164827,d5326b2b-2e6b-4a6c-b475-385f36c8f0f9,1826-2190,1860,5.10,female,en,benji,harry,order1_basketball_left_egg_right,egg,egg,1,order1_icecream_left_sunscreen_right,ice_cream,ice_cream,1,order1_phone_left_duck_right,phone,phone,1,order1_vase_left_bear_right,vase,toy_bear,0,3,order1_icecream_left_sunscreen_right_granny,ice_cream,ice_cream,1,order1_phone_left_duck_right_granny,phone,phone,1,order1_bear_left_vase_right_granny,vase,vase,1,order1_basketball_left_egg_right_granny,egg,egg,1,4,,,,,,
64,1,10/26/2023,This_Or_That_20231026_Lookit_SZ_5,164849,cab84728-9c58-4325-9eae-cdd27b9ba1b2,1826-2190,1920,5.26,female,en he,benji,harry,order1_sunscreen_left_icecream_right,ice_cream,ice_cream,1,order1_duck_left_phone_right,phone,ducky,0,order1_egg_left_basketball_right,egg,egg,1,order1_bear_left_vase_right,vase,toy_bear,0,2,order1_phone_left_duck_right_granny,phone,phone,1,order1_vase_left_bear_right_granny,vase,vase,1,order1_basketball_left_egg_right_granny,egg,egg,1,order1_sunscreen_left_icecream_right_granny,ice_cream,sunscreen,0,3,,,,,,
65,1,12/2/2023,This_Or_That_20231202_Lookit_SZ_5,176248,4be7c2e8-9ee6-4783-bcfb-24e716501bf6,1826-2190,1830,5.01,male,en,benji,harry,order1_bear_left_vase_right,vase,toy_bear,0,order1_basketball_left_egg_right,egg,egg,1,order1_duck_left_phone_right,phone,phone,1,order1_icecream_left_sunscreen_right,ice_cream,ice_cream,1,3,order1_phone_left_duck_right_granny,phone,phone,1,order1_icecream_left_sunscreen_right_granny,ice_cream,ice_cream,1,order1_vase_left_bear_right_granny,vase,vase,1,order1_basketball_left_egg_right_granny,egg,egg,1,4,,,,,,
66,1,11/27/2023,This_Or_That_20231127_Lookit_SZ_2,174828,b00d9f5c-a602-4c26-917b-1eb9481aa023,1826-2190,2040,5.59,male,en,benji,harry,order1_vase_left_bear_right,vase,vase,1,order1_basketball_left_egg_right,egg,egg,1,order1_sunscreen_left_icecream_right,ice_cream,ice_cream,1,order1_duck_left_phone_right,phone,ducky,0,3,order1_basketball_left_egg_right_granny,egg,egg,1,order1_icecream_left_sunscreen_right_granny,ice_cream,ice_cream,1,order1_duck_left_phone_right_granny,phone,phone,1,order1_bear_left_vase_right_granny,vase,vase,1,4,,,,,,
67,1,11/28/2023,This_Or_That_20231128_Lookit_SZ_5,174994,c55b7ef2-d018-4275-9f59-da174c7d8edc,1826-2190,1980,5.42,female,en,benji,harry,order1_phone_left_duck_right,phone,phone,1,order1_basketball_left_egg_right,egg,egg,1,order1_bear_left_vase_right,vase,toy_bear,0,order1_sunscreen_left_icecream_right,ice_cream,ice_cream,1,3,order1_phone_left_duck_right_granny,phone,ducky,0,order1_vase_left_bear_right_granny,vase,vase,1,order1_egg_left_basketball_right_granny,egg,egg,1,order1_icecream_left_sunscreen_right_granny,ice_cream,sunscreen,0,2,,,,,,
68,1,11/28/2023,This_Or_That_20231128_Lookit_SZ_6,174995,7b79dcd3-d10f-4517-98f2-3e09a23f6c4a,1826-2190,1830,5.01,male,en,benji,harry,order1_egg_left_basketball_right,egg,basketball,0,order1_vase_left_bear_right,vase,toy_bear,0,order1_sunscreen_left_icecream_right,ice_cream,ice_cream,1,order1_phone_left_duck_right,phone,ducky,0,1,order1_egg_left_basketball_right_granny,egg,egg,1,order1_bear_left_vase_right_granny,vase,vase,1,order1_icecream_left_sunscreen_right_granny,ice_cream,ice_cream,1,order1_duck_left_phone_right_granny,phone,phone,1,4,,,,,,
69,1,11/28/2023,This_Or_That_20231128_Lookit_SZ_9,175093,49229b37-6add-40a8-b825-d01e86a6b6ae,1826-2190,2010,5.51,female,,benji,harry,order1_egg_left_basketball_right,egg,egg,1,order1_bear_left_vase_right,vase,toy_bear,0,order1_phone_left_duck_right,phone,phone,1,order1_icecream_left_sunscreen_right,ice_cream,ice_cream,1,3,order1_basketball_left_egg_right_granny,egg, basketball,0,order1_phone_left_duck_right_granny,phone,phone,1,order1_vase_left_bear_right_granny,vase,vase,1,order1_sunscreen_left_icecream_right_granny,ice_cream,ice_cream,1,3,,,,,,
70,1,11/28/2023,This_Or_That_20231128_Lookit_SZ_16,175209,92ea9b7e-ca1a-48ac-a75f-24e9a67726b2,1826-2190,2040,5.59,male,,benji,harry,order1_sunscreen_left_icecream_right,ice_cream,sunscreen,0,order1_basketball_left_egg_right,egg,basketball,0,order1_bear_left_vase_right,vase,vase,1,order1_phone_left_duck_right,phone,phone,1,2,order1_bear_left_vase_right_granny,vase,vase,1,order1_egg_left_basketball_right_granny,egg,egg,1,order1_sunscreen_left_icecream_right_granny,ice_cream,sunscreen,0,order1_duck_left_phone_right_granny,phone,phone,1,3,,,,,,
71,1,11/28/2023,This_Or_That_20231128_Lookit_SZ_18,175236,08dab85f-6950-44b3-a89d-b658612d7f2e,1826-2190,1860,5.10,male,en nl,benji,harry,order1_sunscreen_left_icecream_right,ice_cream,ice_cream,1,order1_duck_left_phone_right,phone,phone,1,order1_vase_left_bear_right,vase,toy_bear,0,order1_basketball_left_egg_right,egg,basketball,0,2,order1_duck_left_phone_right_granny,phone,phone,1,order1_icecream_left_sunscreen_right_granny,ice_cream,sunscreen,0,order1_bear_left_vase_right_granny,vase,vase,1,order1_egg_left_basketball_right_granny,egg,basketball,0,2,,,,,,
72,1,11/29/2023,This_Or_That_20231129_Lookit_SZ_2,175589,01fe0214-77d8-40e7-902c-013717ef5490,1826-2190,2010,5.51,male,en es,benji,harry,order1_egg_left_basketball_right,egg,egg,1,order1_phone_left_duck_right,phone,phone,1,order1_sunscreen_left_icecream_right,ice_cream,ice_cream,1,order1_vase_left_bear_right,vase,vase,1,4,order1_vase_left_bear_right_granny,vase,vase,1,order1_icecream_left_sunscreen_right_granny,ice_cream,sunscreen,0,order1_egg_left_basketball_right_granny,egg,egg,1,order1_phone_left_duck_right_granny,phone,phone,1,3,,,,,,
73,1,11/30/2023,This_Or_That_20231130_Lookit_SZ_1,175721,9a010c05-9601-4196-84f8-120f3f537e07,1826-2190,1860,5.10,female,en ,benji,harry,order1_sunscreen_left_icecream_right,ice_cream,ice_cream,1,order1_bear_left_vase_right,vase,toy_bear,0,order1_duck_left_phone_right,phone,ducky,0,order1_basketball_left_egg_right,egg,egg,1,2,order1_icecream_left_sunscreen_right_granny,ice_cream,ice_cream,1,order1_duck_left_phone_right_granny,phone,ducky,0,order1_bear_left_vase_right_granny,vase,toy_bear,0,order1_egg_left_basketball_right_granny,egg,egg,1,2,,,,,,
74,1,12/2/2023,This_Or_That_20231202_Lookit_SZ_1,176193,834a1ea4-b199-40a7-8ccb-0d8884e812f4,1826-2190,2130,5.84,female,en,benji,harry,order1_phone_left_duck_right,phone,ducky,0,order1_sunscreen_left_icecream_right,ice_cream,ice_cream,1,order1_egg_left_basketball_right,egg,egg,1,order1_bear_left_vase_right,vase,toy_bear,0,2,order1_bear_left_vase_right_granny,vase,vase,1,order1_duck_left_phone_right_granny,phone,phone,1,order1_egg_left_basketball_right_granny,egg,egg,1,order1_icecream_left_sunscreen_right_granny,ice_cream,sunscreen,0,3,,,,,,
75,1,11/30/2023,This_Or_That_20231130_Lookit_SZ_4,175901,e6173d01-a89a-410a-862b-aedf748e9d7f,1826-2190,1860,5.10,female,en cmn,harry,harry,order1_bear_left_vase_right,vase,toy_bear,0,order1_egg_left_basketball_right,egg,egg,1,order1_sunscreen_left_icecream_right,ice_cream,sunscreen,0,order1_duck_left_phone_right,phone,phone,1,2,order1_egg_left_basketball_right_granny,egg,egg,1,order1_bear_left_vase_right_granny,vase,vase,1,order1_phone_left_duck_right_granny,phone,phone,1,order1_icecream_left_sunscreen_right_granny,ice_cream,sunscreen,0,3,,,,,,
76,2,12/27/23,This_Or_That_20231227_Lookit_SZ_1,181726,38159fe1-cad5-4671-b81e-f7e31697a2eb,1826-2190,1830,5.01,female,en fr,benji,harry,order2_egg_left_basketball_right_granny,egg,basketball,0,order2_duck_left_phone_right_granny,phone,ducky,0,order2_bear_left_vase_right_granny,vase,vase,1,order2_icecream_left_sunscreen_right_granny,ice_cream,ice_cream,1,2,order2_phone_left_duck_right,phone,ducky,0,order2_egg_left_basketball_right,egg,basketball,0,order2_bear_left_vase_right,vase,toy_bear,0,order2_sunscreen_left_icecream_right,ice_cream,ice_cream,1,1,,,,,,
77,2,12/27/23,This_Or_That_20231227_Lookit_SZ_2,181748,104a1451-7877-4dd6-a8cf-169be02c1732,1826-2190,1890,5.18,female,en so ur,benji,harry,order2_icecream_left_sunscreen_right_granny,ice_cream,ice_cream,1,order2_phone_left_duck_right_granny,phone,phone,1,order2_vase_left_bear_right_granny,vase,vase,1,order2_basketball_left_egg_right_granny,egg,basketball,0,3,order2_duck_left_phone_right,phone,phone,1,order2_vase_left_bear_right,vase,vase,1,order2_basketball_left_egg_right,egg,basketball,0,order2_sunscreen_left_icecream_right,ice_cream,ice_cream,1,3,,,,,,
78,2,12/29/23,This_Or_That_20231229_Lookit_SZ_2,182118,86e87a10-bdff-4dae-b0df-676896ceb339,1826-2190,2130,5.84,male,en so,benji,benji,order2_duck_left_phone_right_granny,phone,phone,1,order2_icecream_left_sunscreen_right_granny,ice_cream,ice_cream,1,order2_bear_left_vase_right_granny,vase,toy_bear,0,order2_egg_left_basketball_right_granny,egg,basketball,0,2,order2_phone_left_duck_right,phone,phone,1,order2_basketball_left_egg_right,egg,basketball and egg,0,order2_bear_left_vase_right,vase,toy_bear,0,order2_sunscreen_left_icecream_right,ice_cream,ice_cream,1,2,,,,,,
79,2,12/29/23,This_Or_That_20231229_Lookit_SZ_5,182224,3653b85f-adbc-4cd1-92c2-5d07bcb4fba3,1826-2190,1920,5.26,male,en,harry,harry,order2_vase_left_bear_right_granny,vase,vase,1,order2_basketball_left_egg_right_granny,egg,egg,1,order2_duck_left_phone_right_granny,phone,phone,1,order2_sunscreen_left_icecream_right_granny,ice_cream,sunscreen,0,3,order2_basketball_left_egg_right,egg,egg,1,order2_icecream_left_sunscreen_right,ice_cream,ice_cream,1,order2_phone_left_duck_right,phone,phone,1,order2_bear_left_vase_right,vase,toy_bear,0,3,,,,,,
80,2,12/30/23,This_Or_That_20231230_Lookit_SZ_2,182377,a33ef95c-e1a6-4f6f-9fed-aec13215c6f9,1826-2190,1890,5.18,female,en,benji,harry,order2_bear_left_vase_right_granny,vase,toy_bear,0,order2_icecream_left_sunscreen_right_granny,ice_cream,ice_cream,1,order2_phone_left_duck_right_granny,phone,ducky,0,order2_basketball_left_egg_right_granny,egg,basketball,0,1,order2_icecream_left_sunscreen_right,ice_cream,ice_cream,1,order2_vase_left_bear_right,vase,toy_bear,0,order2_egg_left_basketball_right,egg,basketball,0,order2_duck_left_phone_right,phone,ducky,0,1,,,,,,
81,2,12/31/23,This_Or_That_20231231_Lookit_SZ_1,182468,1cb7c452-9f03-4f04-bbd5-ebcedb4f4186,1826-2190,2070,5.67,male,en,benji,harry,order2_vase_left_bear_right_granny,vase,toy_bear,0,order2_icecream_left_sunscreen_right_granny,ice_cream,sunscreen,0,order2_egg_left_basketball_right_granny,egg,egg,1,order2_phone_left_duck_right_granny,phone,phone,1,2,order2_icecream_left_sunscreen_right,ice_cream,ice_cream,1,order2_egg_left_basketball_right,egg,basketball,0,order2_duck_left_phone_right,phone,phone,1,order2_bear_left_vase_right,vase,toy_bear,0,2,,,,,,
82,2,1/1/24,This_Or_That_20240101_Lookit_SZ_2,182612,745d7a9a-ad61-4ff1-8a68-50ae5dfd90f6,1826-2190,2010,5.51,male,en cmn es,benji,harry,order2_basketball_left_egg_right_granny,egg,egg,1,order2_icecream_left_sunscreen_right_granny,ice_cream,ice_cream,1,order2_phone_left_duck_right_granny,phone,phone,1,order2_vase_left_bear_right_granny,vase,vase,1,4,order2_basketball_left_egg_right,egg,egg,1,order2_phone_left_duck_right,phone,ducky,0,order2_vase_left_bear_right,vase,toy_bear,0,order2_icecream_left_sunscreen_right,ice_cream,ice_cream,1,2,,,,,,
83,2,1/1/24,This_Or_That_20240101_Lookit_SZ_6,182668,5e66057a-ae73-4ec5-9976-9dd885e001f6,1826-2190,2160,5.92,male,en,benji,harry,order2_icecream_left_sunscreen_right_granny,ice_cream,ice_cream,1,order2_egg_left_basketball_right_granny,egg,egg,1,order2_duck_left_phone_right_granny,phone,phone,1,order2_bear_left_vase_right_granny,vase,vase,1,4,order2_icecream_left_sunscreen_right,ice_cream,ice_cream,1,order2_duck_left_phone_right,phone,phone,1,order2_basketball_left_egg_right,egg,egg,1,order2_vase_left_bear_right,vase,vase,1,4,,,,,,
84,2,1/2/24,This_Or_That_20240102_Lookit_SZ_2,182773,812a5e4a-1661-4490-bb66-94be5949aec2,1826-2190,2100,5.75,female,en tl,benji,harry,order2_egg_left_basketball_right_granny,egg,egg,1,order2_icecream_left_sunscreen_right_granny,ice_cream,sunscreen,0,order2_bear_left_vase_right_granny,vase,vase,1,order2_duck_left_phone_right_granny,phone,phone,1,3, order2_duck_left_phone_right,phone,phone,1,order2_vase_left_bear_right,vase,vase,1,order2_egg_left_basketball_right,egg,basketball,0,order2_sunscreen_left_icecream_right,ice_cream,ice_cream,1,3,,,,,,
85,2,1/2/24,This_Or_That_20240102_Lookit_SZ_5,182827,3295228a-f54f-4e39-af4c-fd4acc3c9831,1826-2190,1890,5.18,male,en,benji,harry,order2_egg_left_basketball_right_granny,egg,egg,1,order2_icecream_left_sunscreen_right_granny,ice_cream,ice_cream,1,order2_vase_left_bear_right_granny,vase,vase,1,order2_phone_left_duck_right_granny,phone,phone,1,4,order2_bear_left_vase_right,vase,vase,1,order2_egg_left_basketball_right,egg,basketball,0,order2_sunscreen_left_icecream_right,ice_cream,ice_cream,1,order2_phone_left_duck_right,phone,ducky,0,2,,,,,,
86,2,1/2/24,This_Or_That_20240102_Lookit_SZ_9,182900,03b3ffe8-3d3e-402d-8b36-79637d71fe61,1826-2190,1860,5.10,male,en,benji,harry,order2_egg_left_basketball_right_granny,egg,egg,1,order2_vase_left_bear_right_granny,vase,vase,1,order2_duck_left_phone_right_granny,phone,ducky,0,order2_icecream_left_sunscreen_right_granny,ice_cream,sunscreen,0,2,order2_phone_left_duck_right,phone,phone,1,order2_egg_left_basketball_right,egg,basketball,0,order2_vase_left_bear_right,vase,toy_bear,0,order2_icecream_left_sunscreen_right,ice_cream,ice_cream,1,2,,,,,,
87,2,1/5/24,This_Or_That_20240105_Lookit_SZ_10,183513,9f5870b2-5001-405c-bc0e-66f811445f31,1826-2190,1890,5.18,male,en,benji,harry,order2_bear_left_vase_right_granny,vase,toy_bear,0,order2_sunscreen_left_icecream_right_granny,ice_cream,ice_cream,1,order2_egg_left_basketball_right_granny,egg,basketball,0,order2_phone_left_duck_right_granny,phone,phone,1,2,order2_bear_left_vase_right,vase,vase,1,order2_egg_left_basketball_right,egg,basketball,0,order2_sunscreen_left_icecream_right,ice_cream,ice_cream,1,order2_duck_left_phone_right,phone,phone,1,3,,,,,,
88,2,1/6/24,This_Or_That_20240106_Lookit_SZ_3,183608,f251e054-f206-4994-b70a-cd36af9149d8,1826-2190,2160,5.92,male,en,benji,harry,order2_bear_left_vase_right_granny,vase,toy_bear,0,order2_basketball_left_egg_right_granny,egg,egg,1,order2_duck_left_phone_right_granny,phone,phone,1,order2_sunscreen_left_icecream_right_granny,ice_cream,ice_cream,1,3,order2_duck_left_phone_right,phone,phone,1,order2_basketball_left_egg_right,egg,basketball,0,order2_bear_left_vase_right,vase,vase,1,order2_sunscreen_left_icecream_right,ice_cream,ice_cream,1,3,,,,,,
89,2,1/6/24,This_Or_That_20240106_Lookit_SZ_4,183639,bba6e72d-1396-4560-9166-1418e9d71733,1826-2190,2010,5.51,female,en fr,harry,harry,order2_icecream_left_sunscreen_right_granny,ice_cream,ice_cream,1,order2_egg_left_basketball_right_granny,egg,egg,1,order2_bear_left_vase_right_granny,vase,vase,1,order2_phone_left_duck_right_granny,phone,phone,1,4,order2_icecream_left_sunscreen_right,ice_cream,ice_cream,1,order2_bear_left_vase_right,vase,toy_bear,0,order2_duck_left_phone_right,phone,ducky,0,order2_egg_left_basketball_right,egg,egg,1,2,,,,,,
90,2,1/6/24,This_Or_That_20240106_Lookit_SZ_5,183696,51b0a951-f775-4d6d-96be-acf83b00f663,1826-2190,1890,5.18,female,en fr,benji,harry,order2_sunscreen_left_icecream_right_granny,ice_cream,ice_cream,1,order2_basketball_left_egg_right_granny,egg,basketball,0,order2_bear_left_vase_right_granny,vase,vase,1,order2_phone_left_duck_right_granny,phone,phone,1,3,order2_sunscreen_left_icecream_right,ice_cream,ice_cream,1,order2_bear_left_vase_right,vase,vase,1,order2_basketball_left_egg_right,egg,basketball,0,order2_phone_left_duck_right,phone,phone,1,3,,,,,,
91,1,10/24/2023,This_Or_That_20231024_Lookit_SZ_17,164260,593d083d-2964-427f-9455-53d2dc696c6c,2190-2556,2460,6.74,male,en nl de,benji,harry,order1_bear_left_vase_right,vase,toy_bear,0,order1_basketball_left_egg_right,egg,egg,1,order1_sunscreen_left_icecream_right,ice_cream,ice_cream,1,order1_phone_left_duck_right,phone,phone,1,3,order1_sunscreen_left_icecream_right_granny,ice_cream,ice_cream,1,order1_phone_left_duck_right_granny,phone,phone,1,order1_egg_left_basketball_right_granny,egg,egg,1,order1_bear_left_vase_right_granny,vase,vase,1,4,,,,174959,,
92,1,10/24/2023,This_Or_That_20231024_Lookit_SZ_19,164270,a00beac1-e0e8-44b0-a2a4-050ce72c1401,2190-2556,2370,6.49,male,en so,benji,harry,order1_vase_left_bear_right,vase,toy_bear,0,order1_basketball_left_egg_right,egg,basketball,0,order1_phone_left_duck_right,phone,phone,1,order1_icecream_left_sunscreen_right,ice_cream,ice_cream,1,2,order1_phone_left_duck_right_granny,phone,ducky,0,order1_icecream_left_sunscreen_right_granny,ice_cream,sunscreen,0,order1_egg_left_basketball_right_granny,egg,egg,1,order1_vase_left_bear_right_granny,vase,vase,1,2,,,,,,
93,1,10/24/2023,This_Or_That_20231024_Lookit_SZ_20,164290,f050d77e-113a-495a-8913-caf604eb277c,2190-2556,2250,6.16,female,en,harry,harry,order1_phone_left_duck_right,phone,ducky,0,order1_sunscreen_left_icecream_right,ice_cream,ice_cream,1,order1_vase_left_bear_right,vase,toy_bear,0,order1_egg_left_basketball_right,egg,basketball,0,1,order1_icecream_left_sunscreen_right_granny,ice_cream,sunscreen,0,order1_duck_left_phone_right_granny,phone,phone,1,order1_egg_left_basketball_right_granny,egg,egg,1,order1_bear_left_vase_right_granny,vase,vase,1,3,,,,,,
94,1,10/25/2023,This_Or_That_20231025_Lookit_SZ_10,164670,82f68db0-d611-4eae-b170-46b7ebd57e9a,2190-2556,2430,6.66,male,en,benji,harry,order1_sunscreen_left_icecream_right,ice_cream,ice_cream,1,order1_basketball_left_egg_right,egg,basketball,0,order1_phone_left_duck_right,phone,phone,1,order1_bear_left_vase_right,vase,toy_bear,0,2,order1_bear_left_vase_right_granny,vase,vase,1,order1_icecream_left_sunscreen_right_granny,ice_cream,ice_cream,1,order1_phone_left_duck_right_granny,phone,phone,1,order1_egg_left_basketball_right_granny,egg,egg,1,4,,,,,,
95,1,11/28/2023,This_Or_That_20231128_Lookit_SZ_1,174872,3759d8fd-de37-4eb7-ad7b-9b03bd9c5850,2190-2556,2310,6.33,female,en,,harry,order1_bear_left_vase_right,vase,vase,1,order1_egg_left_basketball_right,egg,basketball,0,order1_duck_left_phone_right,phone,phone,1,order1_sunscreen_left_icecream_right,ice_cream,both,0,2,order1_basketball_left_egg_right_granny,egg,egg,1,order1_phone_left_duck_right_granny,phone,phone,1,order1_sunscreen_left_icecream_right_granny,ice_cream,sunscreen,0,order1_vase_left_bear_right_granny,vase,vase,1,3,,,,,,
96,1,11/28/2023,This_Or_That_20231128_Lookit_SZ_7,175018,0e3d1f3a-e054-478c-b4f9-5e25d5263b84,2190-2556,2400,6.58,male,en,benji,harry,order1_phone_left_duck_right,phone,ducky,0,order1_basketball_left_egg_right,egg,basketball,0,order1_bear_left_vase_right,vase,toy_bear,0,order1_sunscreen_left_icecream_right,ice_cream,ice_cream,1,1,order1_duck_left_phone_right_granny,phone,ducky,0,order1_sunscreen_left_icecream_right_granny,ice_cream,ice_cream,1,order1_basketball_left_egg_right_granny,egg,basketball,0,order1_vase_left_bear_right_granny,vase,toy_bear,0,1,,,,,,
97,1,11/28/2023,This_Or_That_20231128_Lookit_SZ_11,175157,330a7799-175e-48c8-836f-540aac5772bb,2190-2556,2430,6.66,male,en,benji,harry,order1_icecream_left_sunscreen_right,ice_cream,ice_cream,1,order1_phone_left_duck_right,phone,phone,1,order1_basketball_left_egg_right,egg,egg,1,order1_vase_left_bear_right,vase,toy_bear,0,3,order1_egg_left_basketball_right_granny,egg,egg,1,order1_sunscreen_left_icecream_right_granny,ice_cream,ice_cream,1,order1_bear_left_vase_right_granny,vase,vase,1,order1_duck_left_phone_right_granny,phone,phone,1,4,,,,,,
98,1,11/28/2023,This_Or_That_20231128_Lookit_SZ_17,175212,b5a26542-6e41-4e8e-955f-429694d1a0b4,2190-2556,2490,6.82,female,en cjy ta,benji,harry,order1_icecream_left_sunscreen_right,ice_cream,sunscreen,0,order1_duck_left_phone_right,phone,phone,1,order1_egg_left_basketball_right,egg,basketball,0,order1_bear_left_vase_right,vase,toy_bear,0,1,order1_vase_left_bear_right_granny,vase,vase,1,order1_sunscreen_left_icecream_right_granny,ice_cream,ice_cream,1,order1_egg_left_basketball_right_granny,egg,egg,1,order1_duck_left_phone_right_granny,phone,phone,1,4,,,,,,
99,1,11/29/2023,This_Or_That_20231129_Lookit_SZ_1,175578,56602b2e-4ca9-460b-bdaa-54dd8204a283,2190-2556,2460,6.74,female,en,benji,harry,order1_sunscreen_left_icecream_right,ice_cream,ice_cream,1,order1_bear_left_vase_right,vase,toy_bear,0,order1_phone_left_duck_right,phone,ducky,0,order1_basketball_left_egg_right,egg,egg,1,2,order1_bear_left_vase_right_granny,vase,vase,1,order1_phone_left_duck_right_granny,phone,ducky,0,order1_sunscreen_left_icecream_right_granny,ice_cream,sunscreen,0,order1_egg_left_basketball_right_granny,egg,egg,1,2,,,,,,
100,1,12/1/2023,This_Or_That_20231201_Lookit_SZ_1,175933,fb621ac7-f911-4372-8052-413f3197ca10,2190-2556,2400,6.58,male,en pl,benji,harry,order1_egg_left_basketball_right,egg,egg,1,order1_vase_left_bear_right,vase,toy_bear,0,order1_icecream_left_sunscreen_right,ice_cream,ice_cream,1,order1_duck_left_phone_right,phone,phone,1,3,order1_duck_left_phone_right_granny,phone,phone,1,order1_bear_left_vase_right_granny,vase,vase,1,order1_icecream_left_sunscreen_right_granny,ice_cream,ice_cream,1,order1_egg_left_basketball_right_granny,egg,egg,1,4,,,,,,
101,1,12/2/2023,This_Or_That_20231202_Lookit_SZ_3,176229,ac12d743-9bf3-4cd2-a3fe-7420ddae74f7,2190-2556,2460,6.74,female,en es,benji,harry,order1_egg_left_basketball_right,egg,egg,1,order1_phone_left_duck_right,phone,phone,1,order1_vase_left_bear_right,vase,toy_bear,0,order1_icecream_left_sunscreen_right,ice_cream,ice_cream,1,3,order1_icecream_left_sunscreen_right_granny,ice_cream,sunscreen,0,order1_phone_left_duck_right_granny,phone,phone,1,order1_vase_left_bear_right_granny,vase,vase,1,order1_egg_left_basketball_right_granny,egg,basketball,0,2,,,,,,
102,1,12/2/2023,This_Or_That_20231202_Lookit_SZ_4,176247,f60a0891-f301-4ca5-bc1a-200b6a70b22f,2190-2556,2460,6.74,female,en,benji,harry,order1_vase_left_bear_right,vase,vase,1,order1_phone_left_duck_right,phone,phone,1,order1_icecream_left_sunscreen_right,ice_cream,ice_cream,1,order1_basketball_left_egg_right,egg,basketball,0,3,order1_icecream_left_sunscreen_right_granny,ice_cream,sunscreen,0,order1_bear_left_vase_right_granny,vase,vase,1,order1_egg_left_basketball_right_granny,egg,egg,1,order1_duck_left_phone_right_granny,phone,phone,1,3,,,,,,
103,1,12/2/2023,This_Or_That_20231202_Lookit_SZ_6,176251,38104755-d623-4fac-b069-9552aebece1c,2190-2556,2460,6.74,female,en,benji,harry,order1_basketball_left_egg_right,egg,egg,1,order1_phone_left_duck_right,phone,phone,1,order1_icecream_left_sunscreen_right,ice_cream,ice_cream,1,order1_vase_left_bear_right,vase,toy_bear,0,3,order1_bear_left_vase_right_granny,vase,vase,1,order1_phone_left_duck_right_granny,phone,phone,1,order1_basketball_left_egg_right_granny,egg,basketball,0,order1_sunscreen_left_icecream_right_granny,ice_cream,sunscreen,0,2,,,,,,
104,1,10/25/2023,This_Or_That_20231025_Lookit_SZ_5,164565,b66a6593-2dee-438f-abba-7bb47751953f,2190-2556,2190,6.00,female,en,benji,harry,order1_sunscreen_left_icecream_right,ice_cream,ice_cream,1,order1_vase_left_bear_right,vase,toy_bear,0,order1_duck_left_phone_right,phone,phone,1,order1_basketball_left_egg_right,egg,basketball,0,2,order1_icecream_left_sunscreen_right_granny,ice_cream,sunscreen,0,order1_bear_left_vase_right_granny,vase,vase,1,order1_egg_left_basketball_right_granny,egg,egg,1,order1_duck_left_phone_right_granny,phone,phone,1,3,,,,,,
105,1,12/3/2023,This_Or_That_20231203_Lookit_SZ_1,176337,b256842d-562e-4e1a-9e82-42a7e18c1a55,2190-2556,2550,6.99,female,en,benji,harry,order1_icecream_left_sunscreen_right,ice_cream,ice_cream,1,order1_vase_left_bear_right,vase,toy_bear,0,order1_egg_left_basketball_right,egg,basketball,0,order1_duck_left_phone_right,phone,phone,1,2,order1_egg_left_basketball_right_granny,egg,egg,1,order1_icecream_left_sunscreen_right_granny,ice_cream,ice_cream,1,order1_bear_left_vase_right_granny,vase,vase,1,order1_phone_left_duck_right_granny,phone,phone,1,4,,,,,,
106,2,12/27/23,This_Or_That_20231227_Lookit_SZ_6,181850,d1416ed7-201f-47cc-99e0-8ac353a74490,2190-2556,2490,6.82,female,en,benji,harry,order2_sunscreen_left_icecream_right_granny,ice_cream,ice_cream,1,order2_basketball_left_egg_right_granny,egg,egg,1,order2_phone_left_duck_right_granny,phone,phone,1,order2_bear_left_vase_right_granny,vase,vase,1,4,order2_phone_left_duck_right,phone,phone,1,order2_sunscreen_left_icecream_right,ice_cream,ice_cream,1,order2_egg_left_basketball_right,egg,egg,1,order2_bear_left_vase_right,vase,toy_bear,0,3,,,,,,
107,2,12/28/23,This_Or_That_20231228_Lookit_SZ_2,181976,7200d10b-fb5e-41fe-9c39-bfa0ac74c36e,2190-2556,2370,6.49,male,,benji,harry,order2_sunscreen_left_icecream_right_granny,ice_cream,ice_cream,1,order2_bear_left_vase_right_granny,vase,vase,1,order2_basketball_left_egg_right_granny,egg,egg,1,order2_duck_left_phone_right_granny,phone,phone,1,4,order2_duck_left_phone_right,phone,phone,1,order2_icecream_left_sunscreen_right,ice_cream,ice_cream,1,order2_bear_left_vase_right,vase,toy_bear,0,order2_egg_left_basketball_right,egg,basketball,0,2,,,,,,
108,2,12/28/23,This_Or_That_20231228_Lookit_SZ_4,182004,177ae678-4c21-4582-808d-8ff08935da5e,2190-2556,2310,6.33,female,en,benji,harry,order2_vase_left_bear_right_granny,vase,vase,1,order2_egg_left_basketball_right_granny,egg,egg,1,order2_sunscreen_left_icecream_right_granny,ice_cream,ice_cream,1,order2_duck_left_phone_right_granny,phone,phone,1,4,order2_bear_left_vase_right,vase,toy_bear,0,order2_phone_left_duck_right,phone,phone,1,order2_icecream_left_sunscreen_right,ice_cream,ice_cream,1,order2_egg_left_basketball_right,egg,egg,1,3,,,,,,
109,2,12/29/23,This_Or_That_20231229_Lookit_SZ_1,182099,3bf150ee-78e8-46fc-b54e-11eab312780f,2190-2556,2430,6.66,female,en,benji,harry,order2_bear_left_vase_right_granny,vase,vase,1,order2_egg_left_basketball_right_granny,egg,egg,1,order2_sunscreen_left_icecream_right_granny,ice_cream,sunscreen,0,order2_phone_left_duck_right_granny,phone,phone,1,3,order2_sunscreen_left_icecream_right,ice_cream,ice_cream,1,order2_egg_left_basketball_right,egg,basketball,0,order2_vase_left_bear_right,vase,toy_bear,0,order2_duck_left_phone_right,phone,phone,1,2,,,,,,
110,2,12/29/23,This_Or_That_20231229_Lookit_SZ_4,182169,a661c16a-d24d-4f60-9cd1-075a16591b31,2190-2556,2310,6.33,female,en,benji,harry,order2_icecream_left_sunscreen_right_granny,ice_cream,ice_cream,1,order2_basketball_left_egg_right_granny,egg,basketball,0,order2_vase_left_bear_right_granny,vase,vase,1,order2_duck_left_phone_right_granny,phone,phone,1,3,order2_duck_left_phone_right,phone,phone,1,order2_basketball_left_egg_right,egg,basketball,0,order2_icecream_left_sunscreen_right,ice_cream,ice_cream,1,order2_vase_left_bear_right,vase,vase,1,3,,,,,,
111,2,12/29/23,This_Or_That_20231229_Lookit_SZ_6,182258,4e812d69-2578-4522-95be-1a1ac9a307e3,2190-2556,2520,6.90,female,en ml,benji,harry,order2_sunscreen_left_icecream_right_granny,ice_cream,ice_cream,1,order2_duck_left_phone_right_granny,phone,phone,1,order2_vase_left_bear_right_granny,vase,toy_bear,0,order2_basketball_left_egg_right_granny,egg,basketball,0,2,order2_basketball_left_egg_right,egg,basketball,0,order2_phone_left_duck_right,phone,phone,1,order2_icecream_left_sunscreen_right,ice_cream,ice_cream,1,order2_vase_left_bear_right,vase,toy_bear,0,2,,,,,,
112,2,12/30/23,This_Or_That_20231230_Lookit_SZ_4,182445,2ba4ea56-eb9b-464e-8827-39efd3547cfb,2190-2556,2520,6.90,male,en,benji,harry,order2_bear_left_vase_right_granny,vase,vase,1,order2_egg_left_basketball_right_granny,egg,egg,1,order2_phone_left_duck_right_granny,phone,phone,1,order2_icecream_left_sunscreen_right_granny,ice_cream,ice_cream,1,4,order2_basketball_left_egg_right,egg,egg,1,order2_icecream_left_sunscreen_right,ice_cream,sunscreen,0,order2_vase_left_bear_right,vase,toy_bear,0,order2_duck_left_phone_right,phone,ducky,0,1,,,,,,
113,2,12/31/23,This_Or_That_20240101_Lookit_SZ_3,182615,9dae2f9b-6865-4ab1-9310-7f4fe5354545,2190-2556,2340,6.41,male,en,benji,harry,order2_egg_left_basketball_right_granny,egg,egg,1,order2_sunscreen_left_icecream_right_granny,ice_cream,ice_cream,1,order2_phone_left_duck_right_granny,phone,phone,1,order2_bear_left_vase_right_granny,vase,vase,1,4,order2_bear_left_vase_right,vase,toy_bear,0,order2_sunscreen_left_icecream_right,ice_cream,ice_cream,1,order2_phone_left_duck_right,phone,phone,1,order2_egg_left_basketball_right,egg,basketball,0,2,,,,,,
114,2,1/1/24,This_Or_That_20240101_Lookit_SZ_9,182699,5056a882-5e9c-4838-bcff-f74154e4bffc,2190-2556,2220,6.08,female,en,benji,harry,order2_bear_left_vase_right_granny,vase,toy_bear,0,order2_phone_left_duck_right_granny,phone,phone,1,order2_icecream_left_sunscreen_right_granny,ice_cream,ice_cream,1,order2_basketball_left_egg_right_granny,egg,egg,1,3,order2_egg_left_basketball_right,egg,egg,1,order2_bear_left_vase_right,vase,vase,1,order2_phone_left_duck_right,phone,phone,1,order2_sunscreen_left_icecream_right,ice_cream,ice_cream,1,4,,,,,,
115,2,1/2/24,This_Or_That_20240102_Lookit_SZ_7,182858,d107bd28-614d-4a33-bb4e-4c5da7575291,2190-2556,2190,6.00,male,en,benji,harry,order2_phone_left_duck_right_granny,phone,phone,1,order2_basketball_left_egg_right_granny,egg,basketball,0,order2_bear_left_vase_right_granny,vase,toy_bear,0,order2_sunscreen_left_icecream_right_granny,ice_cream,ice_cream,1,2,order2_phone_left_duck_right,phone,"ducky, phone",0,order2_icecream_left_sunscreen_right,ice_cream,ice_cream,1,order2_vase_left_bear_right,vase,toy_bear,0,order2_egg_left_basketball_right,egg,basketball,0,1,,,,,,
116,2,1/3/24,This_Or_That_20240103_Lookit_SZ_3,183003,9b103005-0f70-4ad1-9871-33dd8e9bd6a8,2190-2556,2490,6.82,male,en,benji,harry,order2_sunscreen_left_icecream_right_granny,ice_cream,ice_cream,1,order2_egg_left_basketball_right_granny,egg,egg,1,order2_phone_left_duck_right_granny,phone,phone,1,order2_bear_left_vase_right_granny,vase,vase,1,4,order2_duck_left_phone_right,phone,phone,1,order2_sunscreen_left_icecream_right,ice_cream,ice_cream,1,order2_vase_left_bear_right,vase,toy_bear,0,order2_egg_left_basketball_right,egg,basketball,0,2,,,,,,
117,2,1/3/24,This_Or_That_20240103_Lookit_SZ_4,183027,7a859cea-8875-4b03-ac8a-31560a001fd3,2190-2556,2520,6.90,female,en ml,benji,harry,order2_vase_left_bear_right_granny,vase,toy_bear,0,order2_duck_left_phone_right_granny,phone,phone,1,order2_egg_left_basketball_right_granny,egg,basketball,0,order2_icecream_left_sunscreen_right_granny,ice_cream,ice_cream,1,2,order2_basketball_left_egg_right,egg,basketball,0,order2_phone_left_duck_right,phone,phone,1,order2_icecream_left_sunscreen_right,ice_cream,ice_cream,1,order2_vase_left_bear_right,vase,toy_bear,0,2,,,,,,
118,2,1/3/24,This_Or_That_20240103_Lookit_SZ_5,183083,2935e5f3-0c62-4212-9ed2-6b035ebb4e71,2190-2556,2370,6.49,male,en ur,benji,harry,order2_vase_left_bear_right_granny,vase,vase,1,order2_phone_left_duck_right_granny,phone,phone,1,order2_icecream_left_sunscreen_right_granny,ice_cream,sunscreen,0,order2_egg_left_basketball_right_granny,egg,basketball,0,2,order2_duck_left_phone_right,phone,phone,1,order2_bear_left_vase_right,vase,vase,1,order2_basketball_left_egg_right,egg,egg,1,order2_icecream_left_sunscreen_right,ice_cream,sunscreen,0,3,,,,,,
119,2,1/4/24,This_Or_That_20240104_Lookit_SZ_3,183279,33a88dd6-93ff-4926-bcef-01dfcc487fc8,2190-2556,2520,6.90,female,en,benji,harry,order2_vase_left_bear_right_granny,vase,vase,1,order2_phone_left_duck_right_granny,phone,phone,1,order2_egg_left_basketball_right_granny,egg,basketball,0,order2_sunscreen_left_icecream_right_granny,ice_cream,sunscreen,0,2,order2_vase_left_bear_right,vase,toy_bear,0,order2_icecream_left_sunscreen_right,ice_cream,ice_cream,1,order2_basketball_left_egg_right,egg,basketball,0,order2_phone_left_duck_right,phone,phone,1,2,,,,,,
120,2,1/5/24,This_Or_That_20240105_Lookit_SZ_2,183402,7f2737a3-357f-4994-a6fa-baf7c948ef73,2190-2556,2340,6.41,male,en so,benji,harry,order2_bear_left_vase_right_granny,vase,toy_bear,0,order2_duck_left_phone_right_granny,phone,ducky,0,order2_basketball_left_egg_right_granny,egg,egg,1,order2_icecream_left_sunscreen_right_granny,ice_cream,ice_cream,1,2,order2_sunscreen_left_icecream_right,ice_cream,ice_cream,1,order2_vase_left_bear_right,vase,toy_bear,0,order2_basketball_left_egg_right,egg,basketball,0,order2_phone_left_duck_right,phone,ducky,0,1,,,,,,